zip,facility_type,ev_slow,ev_dc_fast_count,spaces
90001,STORAGE,1.0,0.0,
90002,STREET_PARKING,1.0,0.0,
90003,UTILITY,2.0,0.0,61.0
90003,UTILITY,2.0,0.0,21.0
90003,UTILITY,2.0,0.0,64.0
90006,UTILITY,1.0,0.0,
90007,COLLEGE_CAMPUS,0.0,1.0,
90007,MUSEUM,7.0,0.0,
90007,OFFICE_BLDG,2.0,0.0,
90007,UTILITY,2.0,0.0,
90010,PARKING_GARAGE,2.0,0.0,
90012,HOTEL,2.0,0.0,539.0
90012,HOTEL,2.0,0.0,300.0
90012,PARKING_LOT,13.0,0.0,539.0
90012,PARKING_LOT,13.0,0.0,300.0
90012,PAY_GARAGE,15.0,0.0,539.0
90012,PAY_GARAGE,15.0,0.0,300.0
90012,UTILITY,42.0,0.0,539.0
90012,UTILITY,42.0,0.0,300.0
90013,OFFICE_BLDG,8.0,0.0,
90013,UTILITY,1.0,0.0,
90014,HOTEL,3.0,0.0,140.0
90015,BANK,2.0,0.0,
90015,CAR_DEALER,1.0,1.0,
90015,HOTEL,6.0,0.0,
90015,PARKING_GARAGE,14.0,0.0,
90015,PARKING_LOT,1.0,0.0,
90015,UTILITY,2.0,0.0,
90016,OFFICE_BLDG,9.0,0.0,89.0
90016,PARKING_LOT,3.0,0.0,89.0
90017,HOSPITAL,14.0,0.0,
90017,SHOPPING_MALL,4.0,0.0,
90017,UTILITY,0.0,1.0,
90021,OFFICE_BLDG,1.0,0.0,
90021,RESTAURANT,0.0,2.0,
90021,SHOPPING_MALL,0.0,16.0,
90021,UTILITY,1.0,0.0,
90022,MUNI_GOV,2.0,0.0,
90022,PARKING_GARAGE,6.0,0.0,
90024,COLLEGE_CAMPUS,4.0,0.0,366.0
90024,HOTEL,2.0,0.0,366.0
90024,SHOPPING_MALL,4.0,0.0,366.0
90025,HOSPITAL,2.0,0.0,111.0
90025,HOSPITAL,2.0,0.0,17.0
90025,HOSPITAL,2.0,0.0,24.0
90025,HOSPITAL,2.0,0.0,81.0
90025,MULTI_UNIT_DWELLING,17.0,6.0,111.0
90025,MULTI_UNIT_DWELLING,17.0,6.0,17.0
90025,MULTI_UNIT_DWELLING,17.0,6.0,24.0
90025,MULTI_UNIT_DWELLING,17.0,6.0,81.0
90025,PARKING_LOT,0.0,8.0,111.0
90025,PARKING_LOT,0.0,8.0,17.0
90025,PARKING_LOT,0.0,8.0,24.0
90025,PARKING_LOT,0.0,8.0,81.0
90025,RESTAURANT,2.0,0.0,111.0
90025,RESTAURANT,2.0,0.0,17.0
90025,RESTAURANT,2.0,0.0,24.0
90025,RESTAURANT,2.0,0.0,81.0
90026,HOSPITAL,0.0,4.0,9.0
90026,HOSPITAL,0.0,4.0,163.0
90026,HOSPITAL,0.0,4.0,14.0
90027,OTHER_ENTERTAINMENT,6.0,0.0,32.0
90027,PARKING_LOT,0.0,8.0,32.0
90028,HOTEL,6.0,0.0,3021.0
90028,HOTEL,6.0,0.0,535.0
90028,HOTEL,6.0,0.0,55.0
90028,HOTEL,6.0,0.0,457.0
90028,PARKING_GARAGE,6.0,18.0,3021.0
90028,PARKING_GARAGE,6.0,18.0,535.0
90028,PARKING_GARAGE,6.0,18.0,55.0
90028,PARKING_GARAGE,6.0,18.0,457.0
90028,STORAGE,1.0,0.0,3021.0
90028,STORAGE,1.0,0.0,535.0
90028,STORAGE,1.0,0.0,55.0
90028,STORAGE,1.0,0.0,457.0
90029,HOTEL,3.0,0.0,
90029,STANDALONE_STATION,1.0,0.0,
90031,UTILITY,0.0,1.0,302.0
90031,UTILITY,0.0,1.0,28.0
90034,PARKING_GARAGE,6.0,0.0,
90035,HOTEL,4.0,0.0,66.0
90035,HOTEL,4.0,0.0,50.0
90035,OFFICE_BLDG,4.0,0.0,66.0
90035,OFFICE_BLDG,4.0,0.0,50.0
90035,SHOPPING_MALL,2.0,0.0,66.0
90035,SHOPPING_MALL,2.0,0.0,50.0
90036,MUSEUM,3.0,0.0,41.0
90036,SHOPPING_MALL,9.0,0.0,41.0
90037,UTILITY,1.0,0.0,
90039,STORAGE,1.0,0.0,72.0
90040,MUNI_GOV,5.0,0.0,
90041,SHOPPING_CENTER,2.0,0.0,29.0
90041,STATE_GOV,5.0,0.0,29.0
90042,UTILITY,1.0,0.0,312.0
90042,UTILITY,1.0,0.0,132.0
90043,SHOPPING_CENTER,2.0,0.0,35.0
90043,SHOPPING_CENTER,2.0,0.0,61.0
90044,MUNI_GOV,20.0,0.0,23.0
90044,MUNI_GOV,20.0,0.0,77.0
90044,UTILITY,1.0,0.0,23.0
90044,UTILITY,1.0,0.0,77.0
90045,AIRPORT,68.0,0.0,
90045,COLLEGE_CAMPUS,8.0,0.0,
90045,HOTEL,5.0,0.0,
90045,PAY_GARAGE,20.0,0.0,
90045,SHOPPING_MALL,2.0,0.0,
90045,STATE_GOV,3.0,0.0,
90046,HOTEL,2.0,0.0,22.0
90046,PARKING_LOT,0.0,8.0,22.0
90047,UTILITY,1.0,0.0,
90048,HOTEL,13.0,0.0,334.0
90049,GROCERY,2.0,0.0,
90049,HOTEL,2.0,0.0,
90049,MULTI_UNIT_DWELLING,6.0,0.0,
90049,MUSEUM,6.0,0.0,
90049,PARKING_GARAGE,28.0,0.0,
90056,PARK,4.0,0.0,
90059,PRISON,1.0,0.0,
90063,MUNI_GOV,35.0,0.0,
90064,GROCERY,2.0,0.0,52.0
90064,GROCERY,2.0,0.0,60.0
90064,OFFICE_BLDG,0.0,4.0,52.0
90064,OFFICE_BLDG,0.0,4.0,60.0
90064,PARKING_LOT,6.0,0.0,52.0
90064,PARKING_LOT,6.0,0.0,60.0
90064,SHOPPING_MALL,4.0,0.0,52.0
90064,SHOPPING_MALL,4.0,0.0,60.0
90067,HOTEL,3.0,0.0,
90068,CAR_DEALER,2.0,2.0,
90068,PARKING_GARAGE,2.0,0.0,
90069,AUTO_REPAIR,3.0,0.0,
90069,HOTEL,15.0,0.0,
90071,HOTEL,6.0,0.0,
90077,COLLEGE_CAMPUS,0.0,1.0,
90077,HOTEL,4.0,0.0,
90077,SHOPPING_CENTER,4.0,0.0,
90094,RESTAURANT,10.0,0.0,
90094,SHOPPING_MALL,0.0,14.0,
90095,COLLEGE_CAMPUS,18.0,0.0,
90201,RESTAURANT,0.0,8.0,
90210,HOTEL,22.0,0.0,
90212,HOTEL,11.0,0.0,
90212,SHOPPING_CENTER,2.0,0.0,
90230,CAR_DEALER,4.0,0.0,
90230,HOTEL,2.0,0.0,
90232,PARK,3.0,0.0,
90241,CAR_DEALER,6.0,0.0,
90241,REC_SPORTS_FACILITY,3.0,0.0,
90241,SHOPPING_CENTER,4.0,0.0,
90242,HOSPITAL,10.0,0.0,
90242,MUNI_GOV,12.0,0.0,
90245,HOTEL,3.0,0.0,
90245,OFFICE_BLDG,50.0,0.0,
90245,PARKING_LOT,4.0,0.0,
90247,CAR_DEALER,1.0,0.0,
90247,UTILITY,1.0,0.0,
90250,HOTEL,8.0,0.0,
90250,SHOPPING_CENTER,0.0,16.0,
90254,MUNI_GOV,8.0,0.0,
90254,SHOPPING_MALL,2.0,20.0,
90262,SCHOOL,2.0,0.0,
90265,MUNI_GOV,2.0,0.0,
90265,OFFICE_BLDG,33.0,0.0,
90265,RESTAURANT,8.0,0.0,
90265,SHOPPING_CENTER,2.0,0.0,
90265,SHOPPING_MALL,0.0,8.0,
90266,GROCERY,2.0,0.0,
90266,HOTEL,6.0,0.0,
90266,MUNI_GOV,4.0,0.0,
90266,OFFICE_BLDG,10.0,0.0,
90266,PARKING_LOT,18.0,0.0,
90266,SHOPPING_CENTER,0.0,12.0,
90266,SHOPPING_MALL,3.0,0.0,
90272,MUSEUM,7.0,0.0,25.0
90272,OFFICE_BLDG,3.0,0.0,25.0
90272,PARK,2.0,0.0,25.0
90275,COLLEGE_CAMPUS,2.0,0.0,
90277,HOTEL,2.0,0.0,
90277,MULTI_UNIT_DWELLING,14.0,0.0,
90278,GAS_STATION,1.0,0.0,
90280,CAR_DEALER,2.0,0.0,
90291,SHOPPING_CENTER,2.0,0.0,53.0
90291,SHOPPING_CENTER,2.0,0.0,51.0
90291,SHOPPING_CENTER,2.0,0.0,177.0
90291,SHOPPING_CENTER,2.0,0.0,205.0
90292,CAR_DEALER,3.0,0.0,
90292,HOTEL,6.0,0.0,
90292,MUNI_GOV,62.0,0.0,
90292,PAY_LOT,2.0,0.0,
90292,SHOPPING_CENTER,2.0,0.0,
90293,OFFICE_BLDG,4.0,0.0,
90301,GROCERY,2.0,0.0,
90303,OTHER_ENTERTAINMENT,32.0,0.0,
90303,SCHOOL,1.0,0.0,
90401,CAR_DEALER,3.0,0.0,
90401,CONVENIENCE_STORE,2.0,0.0,
90401,HOTEL,29.0,0.0,
90401,MUNI_GOV,12.0,2.0,
90401,PARKING_GARAGE,10.0,0.0,
90401,SHOPPING_CENTER,0.0,10.0,
90402,PARK,2.0,0.0,
90403,GROCERY,4.0,0.0,
90403,HOTEL,1.0,0.0,
90403,PARKING_GARAGE,34.0,0.0,
90403,PARKING_LOT,2.0,0.0,
90404,GROCERY,2.0,0.0,
90404,HOSPITAL,4.0,0.0,
90404,HOTEL,4.0,0.0,
90404,PARKING_LOT,4.0,0.0,
90405,AIRPORT,2.0,0.0,
90405,HOTEL,9.0,0.0,
90405,MULTI_UNIT_DWELLING,4.0,0.0,
90405,MUNI_GOV,5.0,0.0,
90405,OFFICE_BLDG,1.0,0.0,
90405,PARKING_LOT,4.0,0.0,
90501,OFFICE_BLDG,4.0,0.0,
90502,HOSPITAL,2.0,0.0,
90503,CAR_DEALER,4.0,1.0,
90503,HOTEL,3.0,0.0,
90503,RESTAURANT,2.0,0.0,
90503,SHOPPING_CENTER,2.0,0.0,
90503,SHOPPING_MALL,3.0,20.0,
90504,PARKING_LOT,2.0,0.0,
90505,SHOPPING_CENTER,2.0,0.0,
90601,STATE_GOV,10.0,0.0,
90620,SHOPPING_CENTER,0.0,8.0,
90621,AUTO_REPAIR,0.0,8.0,
90621,CAR_DEALER,4.0,1.0,
90640,HOTEL,10.0,0.0,
90640,SCHOOL,4.0,0.0,
90640,SHOPPING_MALL,2.0,0.0,
90650,MUNI_GOV,3.0,0.0,
90650,PARKING_LOT,4.0,0.0,
90670,STATE_GOV,10.0,0.0,
90680,STATE_GOV,5.0,0.0,
90701,SCHOOL,2.0,0.0,
90701,SHOPPING_MALL,2.0,0.0,
90703,CAR_DEALER,1.0,0.0,
90703,SHOPPING_MALL,0.0,12.0,
90710,COLLEGE_CAMPUS,1.0,0.0,
90712,MUNI_GOV,2.0,0.0,
90712,SHOPPING_MALL,2.0,0.0,
90713,GROCERY,2.0,0.0,
90716,OTHER_ENTERTAINMENT,3.0,0.0,
90720,GROCERY,2.0,0.0,
90731,PARKING_LOT,4.0,0.0,102.0
90731,PARKING_LOT,4.0,0.0,127.0
90731,PARKING_LOT,4.0,0.0,40.0
90731,PARKING_LOT,4.0,0.0,76.0
90731,UTILITY,4.0,0.0,102.0
90731,UTILITY,4.0,0.0,127.0
90731,UTILITY,4.0,0.0,40.0
90731,UTILITY,4.0,0.0,76.0
90732,COLLEGE_CAMPUS,2.0,0.0,
90740,HOTEL,4.0,0.0,
90744,UTILITY,2.0,0.0,40.0
90744,UTILITY,2.0,0.0,14.0
90745,CAR_DEALER,2.0,0.0,
90745,FLEET_GARAGE,1.0,0.0,
90746,REC_SPORTS_FACILITY,12.0,0.0,
90802,HOTEL,8.0,0.0,
90802,OFFICE_BLDG,4.0,0.0,
90803,GROCERY,2.0,0.0,
90803,SHOPPING_MALL,5.0,0.0,
90806,HOSPITAL,4.0,0.0,
90806,PARKING_GARAGE,4.0,0.0,
90807,SHOPPING_CENTER,2.0,0.0,
90808,SHOPPING_MALL,4.0,0.0,
90815,HOTEL,3.0,0.0,
90840,COLLEGE_CAMPUS,3.0,0.0,
91006,PARKING_GARAGE,3.0,0.0,
91007,LIBRARY,4.0,0.0,
91007,MUNI_GOV,7.0,0.0,
91007,PARK,3.0,0.0,
91010,CAR_DEALER,1.0,0.0,
91010,PARKING_LOT,3.0,0.0,
91016,CAR_DEALER,3.0,0.0,
91016,MUNI_GOV,1.0,0.0,
91016,OFFICE_BLDG,4.0,0.0,
91016,PARKING_GARAGE,3.0,0.0,
91101,CONVENTION_CENTER,16.0,0.0,
91101,HOTEL,4.0,0.0,
91101,PARKING_GARAGE,22.0,0.0,
91101,PARKING_LOT,4.0,0.0,
91101,SHOPPING_MALL,2.0,0.0,
91103,PARKING_GARAGE,28.0,0.0,
91105,PARKING_GARAGE,9.0,0.0,
91105,SHOPPING_MALL,4.0,0.0,
91106,HOTEL,2.0,0.0,
91107,HARDWARE_STORE,1.0,0.0,
91107,HOSPITAL,4.0,0.0,
91107,PARKING_LOT,4.0,0.0,
91107,REC_SPORTS_FACILITY,4.0,0.0,
91107,SHOPPING_CENTER,2.0,0.0,
91125,COLLEGE_CAMPUS,117.0,12.0,
91203,BANK,1.0,0.0,
91204,CAR_DEALER,1.0,0.0,
91204,SHOPPING_MALL,29.0,0.0,
91206,SHOPPING_MALL,3.0,0.0,
91210,SHOPPING_MALL,4.0,0.0,
91214,MUNI_GOV,1.0,0.0,
91301,MUNI_GOV,5.0,0.0,
91301,OFFICE_BLDG,8.0,0.0,
91302,PARK,2.0,0.0,
91303,OFFICE_BLDG,6.0,0.0,18.0
91303,OFFICE_BLDG,6.0,0.0,73.0
91303,OFFICE_BLDG,6.0,0.0,56.0
91303,PARKING_LOT,3.0,0.0,18.0
91303,PARKING_LOT,3.0,0.0,73.0
91303,PARKING_LOT,3.0,0.0,56.0
91303,UTILITY,2.0,0.0,18.0
91303,UTILITY,2.0,0.0,73.0
91303,UTILITY,2.0,0.0,56.0
91304,UTILITY,4.0,0.0,
91307,SCHOOL,2.0,0.0,
91311,PARKING_LOT,6.0,0.0,
91311,SHOPPING_CENTER,2.0,0.0,
91311,UTILITY,4.0,0.0,
91320,NATL_PARK,1.0,0.0,
91320,OFFICE_BLDG,16.0,0.0,
91320,SHOPPING_CENTER,8.0,0.0,
91324,PARKING_LOT,4.0,0.0,
91324,SHOPPING_MALL,12.0,0.0,
91325,UTILITY,1.0,0.0,
91326,GROCERY,2.0,0.0,
91329,OFFICE_BLDG,6.0,0.0,
91330,COLLEGE_CAMPUS,22.0,0.0,
91340,PARKING_LOT,0.0,12.0,
91340,UTILITY,1.0,0.0,
91342,HOSPITAL,2.0,0.0,
91342,PARKING_LOT,4.0,0.0,
91343,CAR_DEALER,2.0,0.0,
91343,UTILITY,1.0,0.0,
91344,SHOPPING_MALL,0.0,16.0,
91345,CAR_DEALER,1.0,0.0,
91345,UTILITY,2.0,0.0,
91351,PARKING_LOT,0.0,1.0,
91352,UTILITY,1.0,0.0,
91355,CAR_DEALER,5.0,0.0,
91355,COLLEGE_CAMPUS,57.0,0.0,
91355,MUNI_GOV,1.0,0.0,
91355,OFFICE_BLDG,1.0,0.0,
91355,OTHER_ENTERTAINMENT,4.0,0.0,
91355,SHOPPING_CENTER,12.0,0.0,
91355,STATE_GOV,10.0,0.0,
91356,GROCERY,2.0,0.0,
91360,CARWASH,1.0,0.0,
91360,HOTEL,3.0,0.0,
91360,PARKING_GARAGE,2.0,0.0,
91360,SHOPPING_CENTER,5.0,0.0,
91361,HOTEL,4.0,0.0,
91361,SHOPPING_CENTER,2.0,0.0,
91362,CAR_DEALER,1.0,0.0,
91362,HOTEL,4.0,0.0,
91362,OFFICE_BLDG,2.0,0.0,
91362,SHOPPING_CENTER,2.0,0.0,
91364,OFFICE_BLDG,6.0,0.0,28.0
91364,UTILITY,1.0,0.0,28.0
91367,SCHOOL,2.0,0.0,
91367,SHOPPING_CENTER,2.0,0.0,
91384,RV_PARK,1.0,1.0,
91401,CAR_DEALER,1.0,0.0,683.0
91402,GROCERY,2.0,0.0,
91402,UTILITY,1.0,0.0,
91403,GROCERY,7.0,0.0,42.0
91403,GROCERY,7.0,0.0,218.0
91405,PARKING_GARAGE,5.0,2.0,
91405,PARKING_LOT,4.0,0.0,
91405,UTILITY,0.0,2.0,
91406,AIRPORT,4.0,0.0,
91406,SCHOOL,2.0,0.0,
91411,UTILITY,1.0,0.0,270.0
91423,GROCERY,2.0,0.0,
91423,SHOPPING_CENTER,4.0,0.0,
91423,UTILITY,1.0,0.0,
91436,PARKING_LOT,7.0,0.0,
91436,REC_SPORTS_FACILITY,1.0,0.0,
91502,HOTEL,6.0,0.0,
91502,SHOPPING_CENTER,2.0,0.0,
91504,HOTEL,1.0,0.0,
91504,PARKING_GARAGE,6.0,0.0,
91505,HOTEL,4.0,0.0,
91505,MULTI_UNIT_DWELLING,10.0,0.0,
91601,SHOPPING_MALL,1.0,0.0,92.0
91601,SHOPPING_MALL,1.0,0.0,47.0
91601,SHOPPING_MALL,1.0,0.0,46.0
91601,UTILITY,1.0,0.0,92.0
91601,UTILITY,1.0,0.0,47.0
91601,UTILITY,1.0,0.0,46.0
91602,HOTEL,2.0,0.0,
91602,UTILITY,1.0,0.0,
91604,OFFICE_BLDG,2.0,0.0,393.0
91604,PARKING_LOT,4.0,0.0,393.0
91604,UTILITY,1.0,0.0,393.0
91605,UTILITY,1.0,0.0,
91606,OTHER_ENTERTAINMENT,2.0,0.0,
91701,PARK,1.0,0.0,
91701,SHOPPING_MALL,2.0,0.0,
91702,MUNI_GOV,4.0,0.0,
91702,PARKING_GARAGE,6.0,0.0,
91702,UTILITY,2.0,0.0,
91706,REC_SPORTS_FACILITY,20.0,0.0,
91709,HOTEL,3.0,0.0,
91710,SHOPPING_CENTER,2.0,0.0,
91711,SHOPPING_CENTER,2.0,0.0,
91723,HOSPITAL,4.0,0.0,
91730,FIRE_STATION,1.0,0.0,
91730,FLEET_GARAGE,1.0,0.0,
91730,LIBRARY,1.0,0.0,
91730,MUNI_GOV,2.0,0.0,
91730,OFFICE_BLDG,1.0,0.0,
91730,PARK,1.0,0.0,
91730,PARKING_LOT,2.0,0.0,
91730,REC_SPORTS_FACILITY,1.0,0.0,
91731,AIRPORT,2.0,0.0,
91731,CAR_DEALER,2.0,0.0,
91731,HOSPITAL,6.0,0.0,
91731,SCHOOL,5.0,0.0,
91731,STATE_GOV,3.0,0.0,
91732,SCHOOL,14.0,0.0,
91733,SCHOOL,7.0,0.0,
91737,PARK,1.0,0.0,
91740,SHOPPING_CENTER,2.0,0.0,
91741,MUNI_GOV,3.0,0.0,
91744,HOTEL,4.0,0.0,
91748,CAR_DEALER,2.0,0.0,
91748,HOTEL,2.0,0.0,
91750,COLLEGE_CAMPUS,10.0,0.0,
91754,MUNI_GOV,1.0,0.0,
91754,PARKING_GARAGE,2.0,0.0,
91761,AIRPORT,6.0,0.0,
91761,CAR_DEALER,4.0,1.0,
91761,REC_SPORTS_FACILITY,8.0,0.0,
91762,REC_SPORTS_FACILITY,6.0,0.0,
91763,CAR_DEALER,1.0,1.0,
91763,SHOPPING_MALL,2.0,0.0,
91764,ARENA,12.0,0.0,
91764,CONVENTION_CENTER,5.0,0.0,
91764,HOTEL,5.0,0.0,
91764,INN,4.0,0.0,
91764,LIBRARY,6.0,0.0,
91764,MUNI_GOV,5.0,0.0,
91765,HOTEL,4.0,0.0,
91768,COLLEGE_CAMPUS,48.0,0.0,
91770,HOTEL,1.0,0.0,
91770,MUNI_GOV,2.0,0.0,
91770,OFFICE_BLDG,60.0,0.0,
91770,SCHOOL,7.0,0.0,
91773,MUNI_GOV,5.0,0.0,
91773,PARKING_LOT,7.0,0.0,
91775,SCHOOL,3.0,0.0,
91776,HOTEL,0.0,16.0,
91780,MUNI_GOV,1.0,0.0,
91789,GAS_STATION,0.0,2.0,
91789,MUNI_GOV,1.0,0.0,
91789,OFFICE_BLDG,4.0,0.0,
91790,BANK,10.0,0.0,
91790,RESTAURANT,2.0,0.0,
91790,SHOPPING_CENTER,2.0,0.0,
91791,CAR_DEALER,1.0,2.0,
91791,SHOPPING_MALL,4.0,0.0,
91801,MUNI_GOV,6.0,0.0,
91801,OFFICE_BLDG,0.0,4.0,
91801,PARKING_GARAGE,12.0,0.0,
91801,RESTAURANT,4.0,0.0,
91803,GROCERY,2.0,0.0,
91803,MUNI_GOV,28.0,0.0,
91901,HOTEL,4.0,0.0,
91910,OTHER_ENTERTAINMENT,4.0,0.0,
91910,SHOPPING_CENTER,2.0,0.0,
91910,SHOPPING_MALL,6.0,0.0,
91911,CAR_DEALER,5.0,0.0,
91914,SHOPPING_MALL,0.0,12.0,
91915,SHOPPING_CENTER,2.0,0.0,
91915,SHOPPING_MALL,8.0,0.0,
91941,SHOPPING_MALL,2.0,0.0,
91943,HOTEL,3.0,0.0,
91945,CAR_DEALER,1.0,0.0,
91950,CAR_DEALER,3.0,0.0,
92009,SHOPPING_CENTER,2.0,0.0,
92010,OFFICE_BLDG,1.0,0.0,
92011,HOTEL,5.0,0.0,
92011,SHOPPING_MALL,2.0,0.0,
92014,HOTEL,7.0,0.0,
92020,AUTO_REPAIR,3.0,0.0,
92020,CAR_DEALER,1.0,0.0,
92020,OFFICE_BLDG,2.0,0.0,
92020,SHOPPING_CENTER,2.0,0.0,
92020,SHOPPING_MALL,2.0,0.0,
92026,SHOPPING_CENTER,2.0,0.0,
92027,PAY_LOT,2.0,0.0,
92028,PARKING_LOT,6.0,4.0,
92029,CAR_DEALER,2.0,0.0,
92029,RESTAURANT,2.0,0.0,
92036,INN,2.0,0.0,
92037,HOSPITAL,1.0,0.0,
92037,HOTEL,19.0,0.0,
92037,SHOPPING_MALL,4.0,0.0,
92056,CAR_DEALER,2.0,1.0,
92056,HOTEL,7.0,0.0,
92064,CAR_DEALER,1.0,1.0,
92064,SHOPPING_CENTER,2.0,0.0,
92067,INN,2.0,0.0,
92067,SHOPPING_CENTER,4.0,0.0,
92070,SHOPPING_CENTER,0.0,8.0,
92075,HOTEL,6.0,0.0,
92075,RESTAURANT,1.0,0.0,
92078,HOTEL,2.0,0.0,
92078,REC_SPORTS_FACILITY,3.0,0.0,
92078,RESTAURANT,3.0,0.0,
92081,HOTEL,2.0,0.0,
92083,CAR_DEALER,2.0,0.0,
92101,BANK,8.0,0.0,
92101,HOTEL,17.0,0.0,
92101,OFFICE_BLDG,1.0,0.0,
92101,PARKING_GARAGE,16.0,0.0,
92103,GROCERY,5.0,0.0,
92103,SHOPPING_CENTER,2.0,0.0,
92103,SHOPPING_MALL,3.0,0.0,
92106,HOTEL,6.0,0.0,
92108,HOTEL,2.0,0.0,
92108,SHOPPING_CENTER,2.0,0.0,
92108,SHOPPING_MALL,0.0,24.0,
92109,CAR_DEALER,3.0,1.0,
92109,HOTEL,10.0,0.0,
92110,PARKING_LOT,4.0,0.0,
92110,PAY_LOT,10.0,0.0,
92110,SHOPPING_CENTER,2.0,0.0,
92110,SHOPPING_MALL,1.0,0.0,
92111,CAR_DEALER,1.0,1.0,
92111,HOTEL,2.0,0.0,
92111,OFFICE_BLDG,2.0,0.0,
92111,SHOPPING_CENTER,2.0,0.0,
92111,SHOPPING_MALL,2.0,16.0,
92118,HOTEL,9.0,0.0,
92119,SHOPPING_CENTER,2.0,0.0,
92119,SHOPPING_MALL,1.0,0.0,
92121,HOSPITAL,3.0,0.0,
92122,HOTEL,3.0,0.0,
92122,PARKING_GARAGE,0.0,7.0,
92123,OFFICE_BLDG,2.0,0.0,
92126,CAR_DEALER,1.0,0.0,
92127,HOTEL,6.0,0.0,
92127,SHOPPING_CENTER,2.0,12.0,
92128,TRAVEL_CENTER,10.0,0.0,
92130,HOTEL,4.0,0.0,
92130,SHOPPING_CENTER,4.0,0.0,
92201,GAS_STATION,0.0,2.0,
92201,HOTEL,4.0,0.0,
92210,HOTEL,16.0,0.0,
92211,HOTEL,2.0,1.0,
92220,HOSPITAL,2.0,0.0,
92223,RESTAURANT,0.0,17.0,
92223,SHOPPING_CENTER,7.0,0.0,
92225,HOTEL,2.0,1.0,
92234,AUTO_REPAIR,1.0,1.0,
92234,CAR_DEALER,1.0,1.0,
92234,HOTEL,2.0,0.0,
92234,PARKING_GARAGE,4.0,0.0,
92240,HOTEL,4.0,0.0,
92243,HOTEL,8.0,0.0,
92253,CAR_DEALER,2.0,1.0,
92253,HOTEL,9.0,0.0,
92253,MUNI_GOV,14.0,0.0,
92253,REC_SPORTS_FACILITY,3.0,0.0,
92260,HOTEL,83.0,0.0,
92260,MUNI_GOV,6.0,0.0,
92262,AIRPORT,6.0,0.0,
92262,FLEET_GARAGE,1.0,0.0,
92262,HOTEL,18.0,0.0,
92262,INN,2.0,0.0,
92262,LIBRARY,1.0,0.0,
92262,MUNI_GOV,6.0,0.0,
92262,OTHER_ENTERTAINMENT,2.0,0.0,
92262,PARK,1.0,0.0,
92262,PARKING_GARAGE,4.0,0.0,
92262,PARKING_LOT,2.0,0.0,
92264,HOTEL,14.0,0.0,
92264,INN,2.0,0.0,
92264,MUNI_GOV,4.0,0.0,
92264,PARK,1.0,0.0,
92264,PARKING_GARAGE,2.0,0.0,
92270,HOTEL,12.0,0.0,
92309,TRAVEL_CENTER,0.0,4.0,
92311,HOTEL,2.0,0.0,
92320,SHOPPING_CENTER,5.0,0.0,
92324,MUNI_GOV,1.0,0.0,
92328,HOTEL,6.0,0.0,
92335,MUNI_GOV,14.0,0.0,
92336,CAR_DEALER,2.0,0.0,
92337,SHOPPING_CENTER,2.0,0.0,
92344,SHOPPING_CENTER,0.0,16.0,
92346,OTHER_ENTERTAINMENT,2.0,0.0,
92352,HOTEL,2.0,0.0,
92364,TRAVEL_CENTER,0.0,4.0,
92373,SHOPPING_CENTER,14.0,0.0,
92374,CAR_DEALER,3.0,1.0,
92374,HOTEL,4.0,0.0,
92374,PARKING_LOT,3.0,0.0,
92392,CAR_DEALER,2.0,0.0,
92392,HOTEL,3.0,0.0,
92392,PARKING_LOT,7.0,0.0,
92394,CAR_DEALER,1.0,0.0,
92399,PARK,1.0,0.0,
92407,COLLEGE_CAMPUS,9.0,0.0,
92408,CAR_DEALER,1.0,1.0,
92408,HOTEL,2.0,0.0,
92501,CAR_DEALER,2.0,0.0,
92501,HOSPITAL,2.0,6.0,
92501,HOTEL,5.0,0.0,
92501,LIBRARY,1.0,0.0,
92501,OFFICE_BLDG,4.0,0.0,
92501,SHOPPING_CENTER,1.0,0.0,
92503,GROCERY,2.0,0.0,
92503,OFFICE_BLDG,2.0,0.0,
92503,SHOPPING_MALL,12.0,0.0,
92504,CAR_DEALER,2.0,0.0,
92506,COLLEGE_CAMPUS,2.0,0.0,
92506,SHOPPING_CENTER,2.0,0.0,
92507,CAR_DEALER,1.0,0.0,
92507,GAS_STATION,0.0,6.0,
92507,SHOPPING_CENTER,0.0,12.0,
92508,SHOPPING_CENTER,2.0,0.0,
92508,SHOPPING_MALL,2.0,0.0,
92509,OFFICE_BLDG,3.0,0.0,
92509,SCHOOL,2.0,0.0,
92518,SHOPPING_CENTER,4.0,0.0,
92518,UTILITY,16.0,0.0,
92530,ARENA,4.0,0.0,
92530,MUNI_GOV,4.0,0.0,
92530,SHOPPING_CENTER,2.0,0.0,
92543,MUNI_GOV,2.0,0.0,
92545,CAR_DEALER,2.0,0.0,
92545,OFFICE_BLDG,2.0,0.0,
92549,INN,2.0,0.0,
92553,HOTEL,4.0,0.0,
92555,CAR_DEALER,3.0,0.0,
92562,HOTEL,4.0,0.0,
92584,RESTAURANT,1.0,0.0,
92584,SHOPPING_CENTER,0.0,14.0,
92584,SHOPPING_MALL,4.0,0.0,
92590,PARKING_GARAGE,2.0,0.0,
92590,PARKING_LOT,1.0,0.0,
92590,REC_SPORTS_FACILITY,4.0,0.0,
92591,BREWERY_DISTILLERY_WINERY,2.0,0.0,
92591,CAR_DEALER,2.0,1.0,
92592,BREWERY_DISTILLERY_WINERY,3.0,0.0,
92592,HOSPITAL,2.0,0.0,
92592,HOTEL,13.0,0.0,
92595,MUNI_GOV,2.0,0.0,
92604,SHOPPING_CENTER,0.0,16.0,
92604,SHOPPING_MALL,2.0,0.0,
92606,OFFICE_BLDG,2.0,0.0,
92612,HOTEL,1.0,0.0,
92612,OTHER,0.0,12.0,
92614,OFFICE_BLDG,4.0,0.0,
92614,PARKING_GARAGE,0.0,24.0,
92614,SCHOOL,2.0,0.0,
92618,CAR_DEALER,2.0,1.0,
92618,HOTEL,2.0,0.0,
92618,OFFICE_BLDG,32.0,0.0,
92618,SHOPPING_CENTER,0.0,1.0,
92618,SHOPPING_MALL,0.0,8.0,
92618,STATE_GOV,17.0,0.0,
92620,SHOPPING_CENTER,3.0,2.0,
92624,HOTEL,2.0,0.0,
92625,RESTAURANT,2.0,0.0,
92626,CAR_DEALER,6.0,0.0,
92626,HOTEL,10.0,0.0,
92626,OFFICE_BLDG,2.0,0.0,
92626,PLACE_OF_WORSHIP,2.0,0.0,
92626,SHOPPING_CENTER,4.0,0.0,
92626,STATE_GOV,4.0,0.0,
92627,SHOPPING_MALL,3.0,0.0,
92629,HOTEL,6.0,0.0,
92637,HOTEL,4.0,0.0,
92647,CAR_DEALER,2.0,1.0,
92647,SHOPPING_MALL,2.0,0.0,
92648,HOTEL,6.0,0.0,
92648,SHOPPING_MALL,7.0,0.0,
92648,STATE_GOV,6.0,0.0,
92651,HOTEL,15.0,0.0,
92651,RESTAURANT,2.0,0.0,
92657,HOTEL,7.0,0.0,
92657,SHOPPING_CENTER,0.0,3.0,
92660,BANK,8.0,0.0,
92660,HOTEL,3.0,0.0,
92663,HOTEL,5.0,0.0,
92672,HOTEL,2.0,0.0,
92673,SHOPPING_CENTER,0.0,12.0,
92675,CAR_DEALER,2.0,1.0,
92675,STATE_GOV,4.0,0.0,
92683,SHOPPING_MALL,4.0,24.0,
92683,STATE_GOV,5.0,0.0,
92691,SHOPPING_MALL,0.0,10.0,
92692,HOTEL,4.0,0.0,
92701,PARKING_GARAGE,0.0,20.0,
92705,OFFICE_BLDG,8.0,0.0,
92705,SHOPPING_CENTER,2.0,0.0,
92705,SHOPPING_MALL,14.0,0.0,
92707,OFFICE_BLDG,12.0,0.0,
92708,HOTEL,4.0,0.0,
92780,GROCERY,2.0,0.0,
92780,SHOPPING_CENTER,2.0,0.0,
92782,CAR_DEALER,1.0,2.0,
92782,GROCERY,5.0,0.0,
92782,SHOPPING_CENTER,2.0,0.0,
92802,HOTEL,20.0,0.0,
92802,SHOPPING_MALL,16.0,0.0,
92805,HOTEL,2.0,0.0,
92805,OFFICE_BLDG,2.0,0.0,
92805,PARKING_GARAGE,5.0,0.0,
92805,RESTAURANT,4.0,0.0,
92806,HOTEL,4.0,0.0,
92806,TRAVEL_CENTER,2.0,0.0,
92807,BANK,1.0,0.0,
92808,SHOPPING_CENTER,4.0,0.0,
92821,PARKING_GARAGE,7.0,0.0,
92821,SHOPPING_CENTER,2.0,0.0,
92821,STATE_GOV,10.0,0.0,
92823,SHOPPING_MALL,2.0,0.0,
92832,SHOPPING_CENTER,2.0,0.0,
92844,CAR_DEALER,2.0,1.0,
92844,GAS_STATION,0.0,1.0,
92860,GAS_STATION,0.0,2.0,
92866,RESTAURANT,3.0,0.0,
92867,CAR_DEALER,2.0,1.0,
92868,HOTEL,8.0,0.0,
92868,SHOPPING_MALL,2.0,0.0,
92869,SHOPPING_MALL,2.0,0.0,
92870,CAR_DEALER,1.0,0.0,
92870,MUNI_GOV,2.0,0.0,
92870,SHOPPING_CENTER,2.0,0.0,
92879,INN,4.0,0.0,
92880,CONVENIENCE_STORE,0.0,4.0,
92880,MULTI_UNIT_DWELLING,2.0,0.0,
92880,REC_SPORTS_FACILITY,3.0,0.0,
92882,CAR_DEALER,2.0,1.0,
92882,HOTEL,8.0,0.0,
92887,HOTEL,4.0,0.0,
92887,SHOPPING_CENTER,2.0,0.0,
93001,PARK,1.0,0.0,
93003,CAR_DEALER,4.0,1.0,
93003,MUNI_GOV,3.0,0.0,
93003,OTHER_ENTERTAINMENT,3.0,0.0,
93003,SHOPPING_MALL,2.0,0.0,
93009,MUNI_GOV,6.0,0.0,
93010,HOSPITAL,6.0,0.0,
93010,OFFICE_BLDG,2.0,0.0,
93010,PARKING_LOT,2.0,0.0,
93012,COLLEGE_CAMPUS,9.0,0.0,
93012,OFFICE_BLDG,20.0,0.0,
93013,HOTEL,3.0,0.0,
93013,SCHOOL,2.0,0.0,
93015,CAR_DEALER,1.0,1.0,
93022,PARK,1.0,0.0,
93023,BREWERY_DISTILLERY_WINERY,2.0,0.0,
93023,INN,6.0,0.0,
93030,HOSPITAL,6.0,0.0,
93030,HOTEL,1.0,0.0,
93030,PARKING_LOT,3.0,0.0,
93036,CAR_DEALER,9.0,3.0,
93036,GROCERY,3.0,0.0,
93036,RESTAURANT,3.0,0.0,
93036,SHOPPING_CENTER,0.0,20.0,
93041,MUNI_GOV,2.0,0.0,
93063,MUNI_GOV,2.0,0.0,
93065,CAR_DEALER,9.0,3.0,
93065,HOTEL,5.0,0.0,
93065,SHOPPING_CENTER,0.0,12.0,
93101,HOTEL,8.0,0.0,
93101,INN,1.0,0.0,
93101,MUNI_GOV,2.0,0.0,
93101,SHOPPING_CENTER,3.0,0.0,
93101,SHOPPING_MALL,2.0,0.0,
93103,HOTEL,15.0,0.0,
93103,OFFICE_BLDG,3.0,0.0,
93105,CAR_DEALER,4.0,1.0,
93105,HOTEL,2.0,0.0,
93108,HOTEL,2.0,0.0,
93108,INN,4.0,0.0,
93109,COLLEGE_CAMPUS,6.0,0.0,
93117,CAR_DEALER,3.0,0.0,
93117,HOTEL,1.0,0.0,
93117,RESEARCH_FACILITY,4.0,0.0,
93117,SHOPPING_CENTER,0.0,13.0,
93203,PARKING_LOT,10.0,0.0,
93210,HOTEL,0.0,1.0,
93210,MUNI_GOV,1.0,0.0,
93215,HOTEL,2.0,4.0,
93215,MOTOR_POOL,0.0,4.0,
93215,RESTAURANT,2.0,4.0,
93221,CAR_DEALER,2.0,0.0,
93230,CAR_DEALER,1.0,0.0,
93230,HOTEL,8.0,0.0,
93230,SCHOOL,2.0,0.0,
93234,MUNI_GOV,2.0,0.0,
93239,MOTOR_POOL,0.0,4.0,
93241,MULTI_UNIT_DWELLING,4.0,0.0,
93243,REST_STOP,0.0,8.0,
93243,SHOPPING_CENTER,0.0,24.0,
93245,FACTORY,4.0,0.0,
93245,HOTEL,6.0,0.0,
93257,MUNI_GOV,0.0,2.0,
93268,MUNI_GOV,1.0,0.0,
93268,SCHOOL,2.0,0.0,
93274,HOTEL,0.0,1.0,
93274,RESTAURANT,3.0,0.0,
93274,REST_STOP,0.0,12.0,
93274,TRUCK_STOP,2.0,4.0,
93277,HOTEL,2.0,4.0,
93280,MULTI_UNIT_DWELLING,2.0,0.0,
93280,MUNI_GOV,2.0,0.0,
93292,CAR_DEALER,1.0,0.0,
93301,CAR_DEALER,1.0,0.0,
93307,PARKING_LOT,0.0,4.0,
93308,MUNI_GOV,3.0,0.0,
93309,OFFICE_BLDG,2.0,0.0,
93313,CAR_DEALER,1.0,1.0,
93401,BREWERY_DISTILLERY_WINERY,1.0,0.0,
93401,OFFICE_BLDG,1.0,0.0,
93401,PARKING_GARAGE,4.0,0.0,
93401,SHOPPING_CENTER,10.0,0.0,
93405,CAR_DEALER,4.0,1.0,
93405,SHOPPING_CENTER,2.0,0.0,
93405,SHOPPING_MALL,0.0,12.0,
93420,HOTEL,1.0,0.0,
93420,INN,1.0,0.0,
93420,SHOPPING_MALL,0.0,8.0,
93422,BANK,1.0,0.0,
93424,HOTEL,2.0,0.0,
93424,INN,3.0,0.0,
93428,HOTEL,6.0,0.0,
93428,INN,7.0,0.0,
93430,B_AND_B,3.0,0.0,
93430,HOTEL,1.0,0.0,
93432,BREWERY_DISTILLERY_WINERY,3.0,0.0,
93434,PARKING_LOT,2.0,0.0,
93436,BREWERY_DISTILLERY_WINERY,2.0,0.0,
93436,MUNI_GOV,22.0,0.0,
93440,RESTAURANT,2.0,0.0,
93442,MUNI_GOV,2.0,0.0,
93446,BREWERY_DISTILLERY_WINERY,58.0,0.0,
93446,B_AND_B,2.0,0.0,
93446,HOTEL,15.0,0.0,
93446,INN,5.0,0.0,
93446,SHOPPING_CENTER,3.0,28.0,
93449,GROCERY,2.0,0.0,
93449,HOTEL,12.0,0.0,
93449,INN,4.0,0.0,
93449,MUNI_GOV,0.0,2.0,
93449,SHOPPING_MALL,0.0,12.0,
93450,SHOPPING_CENTER,4.0,0.0,
93451,OFFICE_BLDG,0.0,2.0,
93452,HOTEL,14.0,0.0,
93454,CAR_DEALER,3.0,0.0,
93455,BREWERY_DISTILLERY_WINERY,2.0,0.0,
93455,CAR_DEALER,3.0,0.0,
93455,HOTEL,2.0,0.0,
93458,OFFICE_BLDG,1.0,0.0,
93460,INN,3.0,0.0,
93460,MUNI_GOV,2.0,0.0,
93460,PARKING_GARAGE,10.0,0.0,
93463,GROCERY,2.0,0.0,
93463,HOTEL,2.0,0.0,
93463,INN,1.0,0.0,
93465,BREWERY_DISTILLERY_WINERY,11.0,0.0,
93501,AIRPORT,2.0,2.0,
93501,STATE_GOV,1.0,0.0,
93510,RESTAURANT,3.0,0.0,
93514,PARKING_LOT,0.0,12.0,
93517,HOTEL,1.0,0.0,
93527,AIRPORT,2.0,0.0,
93534,CAR_DEALER,4.0,0.0,
93534,STATE_GOV,1.0,0.0,
93535,HOSPITAL,2.0,0.0,
93535,SCHOOL,1.0,0.0,
93536,MUNI_GOV,1.0,0.0,
93536,OTHER_ENTERTAINMENT,2.0,0.0,
93541,SCHOOL,1.0,0.0,
93546,HOTEL,18.0,0.0,
93550,MUNI_GOV,14.0,1.0,
93550,OTHER_ENTERTAINMENT,4.0,0.0,
93550,PARKING_LOT,0.0,8.0,
93551,BREWERY_DISTILLERY_WINERY,2.0,0.0,
93551,CAR_DEALER,4.0,1.0,
93551,HOTEL,2.0,0.0,
93551,SHOPPING_CENTER,2.0,0.0,
93551,SHOPPING_MALL,0.0,12.0,
93601,HOTEL,10.0,0.0,
93611,COLLEGE_CAMPUS,10.0,0.0,
93611,OFFICE_BLDG,6.0,0.0,
93612,CAR_DEALER,1.0,0.0,
93612,HOTEL,1.0,0.0,
93612,MUNI_GOV,10.0,0.0,
93612,PLACE_OF_WORSHIP,10.0,4.0,
93612,SHOPPING_CENTER,0.0,12.0,
93614,HOTEL,2.0,0.0,
93622,GAS_STATION,0.0,56.0,
93622,MUNI_GOV,1.0,0.0,
93623,HOTEL,1.0,0.0,
93625,LIBRARY,1.0,0.0,
93630,MUNI_GOV,1.0,0.0,
93630,OFFICE_BLDG,4.0,0.0,
93630,SCHOOL,2.0,0.0,
93631,HOTEL,2.0,4.0,
93631,LIBRARY,1.0,0.0,
93631,REST_STOP,0.0,4.0,
93635,COLLEGE_CAMPUS,12.0,0.0,
93637,MOTOR_POOL,0.0,4.0,
93637,TRAVEL_CENTER,0.0,20.0,
93637,TRUCK_STOP,5.0,4.0,
93638,PLACE_OF_WORSHIP,2.0,4.0,
93640,MUNI_GOV,1.0,0.0,
93640,OTHER_ENTERTAINMENT,11.0,0.0,
93644,HOSPITAL,1.0,0.0,
93644,HOTEL,6.0,0.0,
93644,INN,3.0,0.0,
93646,MUNI_GOV,1.0,0.0,
93648,MUNI_GOV,1.0,0.0,
93650,OFFICE_BLDG,2.0,0.0,
93654,GROCERY,4.0,0.0,
93654,HOSPITAL,4.0,0.0,
93654,MUNI_GOV,1.0,0.0,
93657,FLEET_GARAGE,2.0,0.0,
93657,MUNI_GOV,6.0,0.0,
93660,MUNI_GOV,1.0,0.0,
93662,CAR_DEALER,2.0,0.0,
93662,MUNI_GOV,1.0,0.0,
93673,RESTAURANT,0.0,16.0,
93702,PLACE_OF_WORSHIP,10.0,0.0,
93703,MUSEUM,4.0,0.0,
93703,PLACE_OF_WORSHIP,10.0,0.0,
93704,BANK,10.0,0.0,
93705,OFFICE_BLDG,7.0,0.0,
93706,CONVENTION_CENTER,10.0,0.0,
93706,MULTI_UNIT_DWELLING,34.0,8.0,
93706,OFFICE_BLDG,6.0,0.0,
93710,CAR_DEALER,1.0,0.0,
93710,COLLEGE_CAMPUS,4.0,2.0,
93710,HOTEL,1.0,0.0,
93710,PARKING_LOT,2.0,0.0,
93711,HOTEL,6.0,0.0,
93711,OFFICE_BLDG,2.0,0.0,
93720,HOTEL,7.0,0.0,
93720,OFFICE_BLDG,10.0,0.0,
93720,PARK,10.0,0.0,
93721,MUNI_GOV,4.0,0.0,
93721,OFFICE_BLDG,2.0,0.0,
93721,PARKING_GARAGE,10.0,0.0,
93721,PARKING_LOT,3.0,0.0,
93722,HARDWARE_STORE,7.0,0.0,
93722,OFFICE_BLDG,4.0,0.0,
93722,PARKING_GARAGE,4.0,0.0,
93722,SHOPPING_MALL,0.0,12.0,
93724,PARKING_GARAGE,8.0,0.0,
93726,OFFICE_BLDG,10.0,0.0,
93727,AIRPORT,6.0,0.0,
93727,HOTEL,2.0,0.0,
93727,PARK,6.0,0.0,
93727,PLACE_OF_WORSHIP,20.0,0.0,
93728,OFFICE_BLDG,0.0,4.0,
93906,SCHOOL,1.0,0.0,
93906,SHOPPING_MALL,0.0,14.0,
93907,BANK,1.0,0.0,
93907,CAR_DEALER,6.0,1.0,
93907,SHOPPING_CENTER,0.0,6.0,
93908,BREWERY_DISTILLERY_WINERY,2.0,0.0,
93908,OTHER_ENTERTAINMENT,1.0,0.0,
93920,HOTEL,3.0,0.0,
93920,INN,6.0,0.0,
93921,INN,1.0,0.0,
93921,PARKING_GARAGE,6.0,0.0,
93923,BREWERY_DISTILLERY_WINERY,2.0,0.0,
93923,HOTEL,13.0,0.0,
93923,INN,4.0,0.0,
93924,BREWERY_DISTILLERY_WINERY,4.0,0.0,
93926,SCHOOL,1.0,0.0,
93927,SHOPPING_MALL,0.0,12.0,
93940,HOTEL,10.0,0.0,
93940,INN,1.0,0.0,
93950,HOTEL,3.0,0.0,
93953,HOTEL,7.0,0.0,
93953,REC_SPORTS_FACILITY,3.0,0.0,
93955,CAR_DEALER,2.0,1.0,
93955,SHOPPING_CENTER,0.0,12.0,
94002,OFFICE_BLDG,8.0,0.0,
94010,CAR_DEALER,1.0,0.0,
94010,HOTEL,1.0,0.0,
94014,CAR_DEALER,1.0,1.0,
94014,SHOPPING_CENTER,2.0,0.0,
94015,SHOPPING_CENTER,0.0,40.0,
94015,SHOPPING_MALL,10.0,0.0,
94019,HOTEL,8.0,0.0,
94022,HOTEL,12.0,0.0,
94022,MUNI_GOV,1.0,0.0,
94022,SCHOOL,89.0,7.0,
94024,SCHOOL,26.0,2.0,
94025,FED_GOV,6.0,0.0,
94025,HOTEL,10.0,0.0,
94025,OFFICE_BLDG,5.0,0.0,
94025,SHOPPING_CENTER,0.0,10.0,
94027,COLLEGE_CAMPUS,2.0,0.0,
94030,INN,3.0,0.0,
94030,SHOPPING_CENTER,2.0,0.0,
94030,SHOPPING_MALL,2.0,0.0,
94035,FED_GOV,0.0,8.0,
94038,INN,1.0,0.0,
94040,HOTEL,5.0,0.0,
94040,SCHOOL,26.0,0.0,
94043,OFFICE_BLDG,9.0,0.0,
94062,RESTAURANT,2.0,0.0,
94063,CAR_DEALER,4.0,1.0,
94063,OFFICE_BLDG,2.0,0.0,
94063,SHOPPING_CENTER,2.0,0.0,
94066,HOTEL,3.0,0.0,
94066,SHOPPING_CENTER,0.0,12.0,
94080,HOTEL,0.0,20.0,
94085,OFFICE_BLDG,9.0,0.0,
94086,SHOPPING_CENTER,2.0,0.0,359.0
94086,SHOPPING_CENTER,2.0,0.0,149.0
94086,SHOPPING_CENTER,2.0,0.0,34.0
94087,CAR_DEALER,7.0,0.0,
94087,SCHOOL,24.0,0.0,
94087,SHOPPING_CENTER,2.0,16.0,
94087,SHOPPING_MALL,2.0,0.0,
94089,BANK,4.0,0.0,101.0
94089,BANK,4.0,0.0,668.0
94089,BANK,4.0,0.0,457.0
94089,HOTEL,3.0,0.0,101.0
94089,HOTEL,3.0,0.0,668.0
94089,HOTEL,3.0,0.0,457.0
94089,OFFICE_BLDG,6.0,0.0,101.0
94089,OFFICE_BLDG,6.0,0.0,668.0
94089,OFFICE_BLDG,6.0,0.0,457.0
94102,HOTEL,5.0,0.0,35.0
94102,HOTEL,5.0,0.0,343.0
94102,OTHER_ENTERTAINMENT,0.0,12.0,35.0
94102,OTHER_ENTERTAINMENT,0.0,12.0,343.0
94103,HOTEL,5.0,0.0,108.0
94103,HOTEL,5.0,0.0,7.0
94103,PAY_GARAGE,1.0,0.0,108.0
94103,PAY_GARAGE,1.0,0.0,7.0
94104,HOTEL,1.0,0.0,
94105,HOTEL,1.0,0.0,
94108,HOTEL,8.0,0.0,
94109,CAR_DEALER,1.0,0.0,
94109,PAY_GARAGE,5.0,0.0,
94111,HOTEL,4.0,0.0,38.0
94111,PARKING_GARAGE,1.0,0.0,38.0
94115,HOTEL,4.0,0.0,
94118,PAY_GARAGE,13.0,0.0,
94118,SHOPPING_CENTER,0.0,34.0,
94123,PARK,6.0,0.0,
94124,STORAGE,1.0,0.0,29.0
94129,NATL_PARK,2.0,0.0,
94129,SHOPPING_CENTER,4.0,0.0,
94132,COLLEGE_CAMPUS,9.0,0.0,
94132,OTHER_ENTERTAINMENT,10.0,0.0,
94132,SHOPPING_CENTER,2.0,0.0,
94132,SHOPPING_MALL,4.0,1.0,
94133,HOTEL,1.0,0.0,
94143,SHOPPING_CENTER,2.0,0.0,
94158,PARKING_GARAGE,19.0,0.0,
94158,SHOPPING_CENTER,6.0,0.0,
94301,BREWERY_DISTILLERY_WINERY,2.0,0.0,60.0
94301,HOTEL,1.0,0.0,60.0
94301,PARKING_GARAGE,32.0,0.0,60.0
94301,STREET_PARKING,0.0,1.0,60.0
94303,CAR_DEALER,1.0,0.0,
94303,OFFICE_BLDG,2.0,0.0,
94303,SCHOOL,14.0,1.0,
94304,BANK,4.0,0.0,
94304,OFFICE_BLDG,2.0,0.0,
94304,SHOPPING_CENTER,0.0,20.0,
94306,CAR_DEALER,1.0,0.0,
94306,HOTEL,12.0,0.0,
94306,INN,2.0,0.0,
94306,OFFICE_BLDG,6.0,0.0,
94306,PLACE_OF_WORSHIP,7.0,0.0,
94306,SCHOOL,14.0,0.0,
94306,STREET_PARKING,4.0,0.0,
94403,SHOPPING_CENTER,0.0,12.0,686.0
94403,SHOPPING_CENTER,0.0,12.0,195.0
94501,BREWERY_DISTILLERY_WINERY,3.0,0.0,42.0
94501,SHOPPING_CENTER,2.0,12.0,42.0
94506,HOSPITAL,4.0,0.0,
94506,SHOPPING_CENTER,2.0,0.0,
94508,BREWERY_DISTILLERY_WINERY,2.0,0.0,
94509,CAR_DEALER,1.0,0.0,
94509,SHOPPING_MALL,2.0,0.0,
94513,BREWERY_DISTILLERY_WINERY,3.0,0.0,
94513,SHOPPING_CENTER,2.0,0.0,
94513,SHOPPING_MALL,2.0,16.0,
94515,BREWERY_DISTILLERY_WINERY,22.0,0.0,
94515,HOTEL,14.0,0.0,
94520,CAR_DEALER,1.0,0.0,157.0
94520,SHOPPING_CENTER,4.0,16.0,157.0
94520,SHOPPING_MALL,6.0,0.0,157.0
94526,HOTEL,2.0,0.0,
94530,SHOPPING_MALL,0.0,14.0,
94533,CAR_DEALER,6.0,1.0,
94533,MUNI_GOV,6.0,0.0,
94533,OFFICE_BLDG,4.0,4.0,
94533,SHOPPING_CENTER,2.0,0.0,
94533,SHOPPING_MALL,2.0,0.0,
94533,TRAVEL_CENTER,2.0,0.0,
94534,COLLEGE_CAMPUS,3.0,0.0,
94534,OFFICE_BLDG,2.0,0.0,
94538,CAR_DEALER,2.0,0.0,
94538,HOTEL,12.0,0.0,
94538,LIBRARY,10.0,0.0,
94538,OFFICE_BLDG,15.0,4.0,
94538,OTHER_ENTERTAINMENT,12.0,0.0,
94538,SHOPPING_CENTER,3.0,12.0,
94538,SHOPPING_MALL,2.0,0.0,
94541,SCHOOL,16.0,0.0,87.0
94541,SCHOOL,16.0,0.0,84.0
94542,SCHOOL,2.0,0.0,
94544,CAR_DEALER,2.0,1.0,
94544,SCHOOL,32.0,0.0,
94545,SCHOOL,5.0,0.0,
94545,SHOPPING_MALL,4.0,0.0,
94546,SCHOOL,2.0,0.0,
94551,OFFICE_BLDG,2.0,0.0,
94551,SHOPPING_CENTER,0.0,20.0,
94558,BREWERY_DISTILLERY_WINERY,21.0,0.0,
94558,HOTEL,20.0,0.0,
94558,INN,1.0,0.0,
94558,SHOPPING_CENTER,0.0,20.0,
94559,CAR_DEALER,1.0,0.0,
94559,COLLEGE_CAMPUS,2.0,0.0,
94559,HOTEL,14.0,0.0,
94559,INN,7.0,0.0,
94560,HOTEL,7.0,0.0,
94560,SHOPPING_MALL,12.0,0.0,
94562,BREWERY_DISTILLERY_WINERY,6.0,0.0,
94562,GROCERY,2.0,0.0,
94566,HOTEL,4.0,0.0,
94566,SCHOOL,10.0,0.0,
94568,CAR_DEALER,4.0,1.0,434.0
94571,HOTEL,2.0,0.0,
94571,MUNI_GOV,1.0,0.0,
94573,BREWERY_DISTILLERY_WINERY,2.0,0.0,
94574,BREWERY_DISTILLERY_WINERY,44.0,0.0,
94574,HOTEL,13.0,0.0,
94574,RESTAURANT,2.0,0.0,
94576,BREWERY_DISTILLERY_WINERY,2.0,0.0,
94577,CAR_DEALER,2.0,1.0,
94577,UTILITY,3.0,0.0,
94578,SHOPPING_CENTER,2.0,0.0,
94578,SHOPPING_MALL,2.0,0.0,
94579,HOTEL,8.0,0.0,
94579,STATE_GOV,10.0,0.0,
94582,MULTI_UNIT_DWELLING,6.0,0.0,
94583,HOTEL,4.0,0.0,
94583,OFFICE_BLDG,32.0,0.0,
94583,SHOPPING_CENTER,0.0,10.0,
94583,UTILITY,3.0,0.0,
94588,CAR_DEALER,2.0,0.0,
94588,SHOPPING_CENTER,2.0,0.0,
94588,SHOPPING_MALL,4.0,0.0,
94590,CAR_DEALER,1.0,0.0,
94590,MUNI_GOV,2.0,0.0,
94591,SHOPPING_CENTER,3.0,0.0,
94596,LIBRARY,8.0,0.0,
94598,SHOPPING_CENTER,4.0,0.0,
94599,BREWERY_DISTILLERY_WINERY,2.0,0.0,
94599,HOTEL,6.0,0.0,
94603,HOTEL,3.0,0.0,
94606,HOTEL,2.0,0.0,16.0
94606,SHOPPING_CENTER,2.0,0.0,16.0
94606,SHOPPING_MALL,2.0,0.0,16.0
94607,TRAVEL_CENTER,0.0,12.0,100.0
94607,TRAVEL_CENTER,0.0,12.0,109.0
94607,TRAVEL_CENTER,0.0,12.0,40.0
94608,HOTEL,14.0,0.0,907.0
94608,OFFICE_BLDG,24.0,0.0,907.0
94608,SHOPPING_CENTER,2.0,0.0,907.0
94608,SHOPPING_MALL,0.0,24.0,907.0
94612,PAY_GARAGE,6.0,0.0,691.0
94621,AIRPORT,7.0,0.0,415.0
94621,SHOPPING_MALL,2.0,16.0,415.0
94704,HOTEL,3.0,0.0,40.0
94704,HOTEL,3.0,0.0,155.0
94705,HOTEL,1.0,0.0,
94709,OFFICE_BLDG,2.0,0.0,
94710,GROCERY,4.0,0.0,205.0
94710,STORAGE,1.0,0.0,205.0
94801,MUNI_GOV,2.0,0.0,
94801,OFFICE_BLDG,3.0,0.0,
94804,CAR_DEALER,8.0,1.0,
94804,OFFICE_BLDG,3.0,0.0,
94804,SHOPPING_MALL,0.0,16.0,
94806,CAR_DEALER,1.0,0.0,
94903,SCHOOL,2.0,0.0,
94903,SHOPPING_CENTER,4.0,0.0,
94904,SCHOOL,4.0,0.0,
94904,SHOPPING_MALL,0.0,14.0,
94920,HOTEL,2.0,0.0,
94925,SHOPPING_CENTER,4.0,10.0,
94928,HOTEL,3.0,0.0,
94937,HOTEL,4.0,0.0,
94939,PARKING_LOT,1.0,0.0,
94939,SHOPPING_CENTER,3.0,0.0,
94941,NATL_PARK,2.0,0.0,
94945,SHOPPING_MALL,6.0,20.0,
94947,PARKING_LOT,2.0,0.0,
94947,SHOPPING_MALL,2.0,0.0,
94949,BREWERY_DISTILLERY_WINERY,2.0,0.0,
94949,PARKING_LOT,6.0,0.0,
94952,CAR_DEALER,4.0,0.0,
94952,FIRE_STATION,1.0,1.0,
94954,BREWERY_DISTILLERY_WINERY,6.0,0.0,
94954,HOTEL,3.0,0.0,
94956,NATL_PARK,3.0,0.0,
94965,HOTEL,3.0,0.0,
94965,SHOPPING_MALL,0.0,16.0,
94970,NATL_PARK,4.0,0.0,
95003,HOTEL,4.0,0.0,
95008,OFFICE_BLDG,0.0,6.0,63.0
95008,SCHOOL,34.0,0.0,63.0
95010,CAR_DEALER,2.0,0.0,
95010,HOTEL,2.0,0.0,
95010,SHOPPING_MALL,2.0,0.0,
95012,PARK,2.0,0.0,
95014,BANK,2.0,0.0,
95014,BREWERY_DISTILLERY_WINERY,2.0,0.0,
95014,HOTEL,18.0,0.0,
95014,PARKING_LOT,2.0,0.0,
95014,SCHOOL,30.0,2.0,
95014,SHOPPING_CENTER,3.0,28.0,
95018,HOTEL,1.0,0.0,
95018,MUNI_GOV,2.0,0.0,
95020,CAR_DEALER,1.0,0.0,
95020,SHOPPING_CENTER,0.0,12.0,
95030,HOTEL,15.0,0.0,
95030,MUNI_GOV,1.0,0.0,
95032,PARKING_LOT,0.0,12.0,
95035,HOTEL,0.0,16.0,
95035,OFFICE_BLDG,14.0,1.0,
95037,HOTEL,4.0,0.0,257.0
95037,REC_SPORTS_FACILITY,6.0,0.0,257.0
95046,HOTEL,20.0,0.0,
95050,AIRPORT,4.0,0.0,
95050,OFFICE_BLDG,1.0,0.0,
95051,CAR_DEALER,1.0,0.0,
95051,SHOPPING_CENTER,2.0,0.0,
95054,GROCERY,2.0,1.0,
95054,HOTEL,10.0,0.0,
95054,OFFICE_BLDG,37.0,0.0,
95054,SHOPPING_MALL,0.0,16.0,
95060,HOTEL,2.0,0.0,
95061,PARKING_GARAGE,5.0,0.0,
95062,GROCERY,0.0,16.0,
95065,HOTEL,10.0,0.0,
95066,SHOPPING_MALL,0.0,16.0,
95076,OFFICE_BLDG,2.0,0.0,
95076,PARKING_GARAGE,5.0,0.0,
95076,PARKING_LOT,2.0,0.0,
95110,AIRPORT,12.0,0.0,189.0
95110,AIRPORT,12.0,0.0,38.0
95110,SHOPPING_CENTER,0.0,12.0,189.0
95110,SHOPPING_CENTER,0.0,12.0,38.0
95111,HOTEL,2.0,0.0,
95112,STATE_GOV,8.0,0.0,434.0
95112,STATE_GOV,8.0,0.0,1103.0
95112,UTILITY,12.0,0.0,434.0
95112,UTILITY,12.0,0.0,1103.0
95113,HOTEL,8.0,0.0,
95117,SCHOOL,50.0,0.0,
95118,MUNI_GOV,11.0,0.0,
95118,SCHOOL,50.0,0.0,
95118,SHOPPING_CENTER,0.0,24.0,
95121,SHOPPING_MALL,0.0,20.0,
95122,SHOPPING_CENTER,2.0,0.0,
95122,SHOPPING_MALL,4.0,0.0,
95123,MULTI_UNIT_DWELLING,10.0,0.0,
95123,SHOPPING_MALL,0.0,24.0,
95124,SCHOOL,68.0,0.0,
95126,PARKING_LOT,1.0,0.0,895.0
95126,PARKING_LOT,1.0,0.0,389.0
95126,PARKING_LOT,1.0,0.0,144.0
95128,SCHOOL,22.0,0.0,
95128,SHOPPING_CENTER,6.0,0.0,
95128,SHOPPING_MALL,1.0,0.0,
95129,SCHOOL,19.0,0.0,
95131,HOTEL,6.0,0.0,449.0
95131,OFFICE_BLDG,4.0,0.0,449.0
95134,HOTEL,4.0,0.0,
95134,OFFICE_BLDG,94.0,0.0,
95134,OTHER_ENTERTAINMENT,9.0,0.0,
95134,SHOPPING_CENTER,0.0,14.0,
95136,CAR_DEALER,1.0,2.0,
95202,STATE_GOV,4.0,0.0,
95205,MUNI_GOV,1.0,0.0,
95206,STATE_GOV,2.0,0.0,
95207,HOTEL,0.0,12.0,
95207,RESTAURANT,4.0,0.0,
95209,SCHOOL,4.0,0.0,
95210,SCHOOL,1.0,0.0,
95212,CAR_DEALER,2.0,1.0,
95220,BREWERY_DISTILLERY_WINERY,3.0,0.0,
95228,SHOPPING_CENTER,0.0,12.0,
95237,INN,1.0,0.0,
95240,GAS_STATION,0.0,2.0,
95240,LIBRARY,1.0,0.0,
95240,MULTI_UNIT_DWELLING,4.0,0.0,
95240,PARKING_GARAGE,1.0,0.0,
95240,PARKING_LOT,3.0,0.0,
95240,REC_SPORTS_FACILITY,1.0,0.0,
95240,SCHOOL,2.0,0.0,
95242,HOTEL,3.0,0.0,
95242,OTHER,1.0,0.0,
95242,PARKING_LOT,2.0,0.0,
95247,HOTEL,3.0,0.0,
95247,INN,4.0,0.0,
95304,CAR_DEALER,1.0,0.0,
95315,SCHOOL,6.0,4.0,
95321,HOTEL,3.0,0.0,
95327,HOTEL,1.0,0.0,
95327,OTHER_ENTERTAINMENT,4.0,0.0,
95336,BREWERY_DISTILLERY_WINERY,2.0,0.0,
95336,SHOPPING_CENTER,0.0,12.0,
95338,B_AND_B,2.0,0.0,
95340,CAR_DEALER,2.0,0.0,
95340,SHOPPING_CENTER,0.0,12.0,
95341,MUNI_GOV,2.0,0.0,
95348,COLLEGE_CAMPUS,4.0,0.0,
95348,OFFICE_BLDG,2.0,0.0,
95348,SCHOOL,1.0,0.0,
95350,HOTEL,4.0,0.0,
95354,CAR_DEALER,1.0,0.0,
95354,LIBRARY,2.0,0.0,
95356,CAR_DEALER,4.0,0.0,
95356,MUNI_GOV,3.0,0.0,
95356,SHOPPING_CENTER,0.0,13.0,
95361,LIBRARY,2.0,0.0,
95363,INN,0.0,8.0,
95366,GAS_STATION,2.0,4.0,
95379,HOTEL,8.0,0.0,
95380,CAR_DEALER,1.0,0.0,
95380,RESTAURANT,3.0,0.0,
95382,COLLEGE_CAMPUS,9.0,0.0,
95382,HOSPITAL,2.0,0.0,
95383,INN,2.0,0.0,
95386,NATL_PARK,1.0,0.0,
95389,HOTEL,1.0,0.0,
95389,NATL_PARK,1.0,0.0,
95401,BREWERY_DISTILLERY_WINERY,4.0,0.0,
95401,HOTEL,2.0,0.0,
95401,OFFICE_BLDG,2.0,0.0,
95401,SHOPPING_MALL,0.0,20.0,
95403,AIRPORT,3.0,0.0,
95403,INN,2.0,0.0,
95404,CAR_DEALER,4.0,0.0,
95404,HOTEL,2.0,0.0,
95404,INN,2.0,0.0,
95405,BREWERY_DISTILLERY_WINERY,3.0,0.0,
95407,CAR_DEALER,2.0,0.0,
95423,BREWERY_DISTILLERY_WINERY,3.0,0.0,
95432,INN,1.0,0.0,
95432,PARK,2.0,0.0,
95436,INN,3.0,0.0,
95437,HOTEL,4.0,0.0,
95437,SHOPPING_CENTER,0.0,12.0,
95439,BREWERY_DISTILLERY_WINERY,3.0,0.0,
95441,BREWERY_DISTILLERY_WINERY,11.0,0.0,
95442,BREWERY_DISTILLERY_WINERY,3.0,0.0,
95442,HOTEL,1.0,0.0,
95446,INN,3.0,0.0,
95448,BREWERY_DISTILLERY_WINERY,13.0,0.0,
95448,HOTEL,11.0,0.0,
95448,SCHOOL,1.0,0.0,
95449,BREWERY_DISTILLERY_WINERY,3.0,0.0,
95449,SHOPPING_CENTER,2.0,0.0,
95450,PARK,2.0,0.0,
95452,BREWERY_DISTILLERY_WINERY,1.0,0.0,
95453,MUNI_GOV,2.0,0.0,
95456,HOTEL,4.0,0.0,
95456,INN,2.0,0.0,
95456,PARK,2.0,0.0,
95460,HOTEL,6.0,0.0,
95460,INN,12.0,0.0,
95460,PARK,3.0,0.0,
95461,HOTEL,3.0,0.0,
95465,INN,2.0,0.0,
95466,BREWERY_DISTILLERY_WINERY,2.0,1.0,
95466,PARK,2.0,0.0,
95466,RESTAURANT,2.0,0.0,
95468,INN,1.0,0.0,
95476,BREWERY_DISTILLERY_WINERY,4.0,0.0,
95476,HOTEL,6.0,0.0,
95482,HOTEL,9.0,0.0,
95482,MULTI_UNIT_DWELLING,6.0,0.0,
95482,PARKING_LOT,1.0,0.0,
95485,HOTEL,2.0,0.0,
95490,INN,2.0,0.0,
95492,BREWERY_DISTILLERY_WINERY,2.0,0.0,
95492,HOTEL,2.0,0.0,
95497,HOTEL,3.0,0.0,
95501,CAR_DEALER,1.0,0.0,
95501,HOTEL,11.0,0.0,
95501,OFFICE_BLDG,1.0,0.0,
95503,CAR_DEALER,1.0,0.0,
95521,HOTEL,2.0,0.0,
95531,INN,6.0,0.0,
95536,HOTEL,1.0,0.0,
95536,INN,2.0,0.0,
95540,HOTEL,4.0,0.0,
95540,PARKING_LOT,2.0,0.0,
95542,SHOPPING_CENTER,1.0,0.0,
95570,B_AND_B,2.0,0.0,
95603,MUNI_GOV,5.0,0.0,
95603,PARKING_LOT,5.0,0.0,
95606,HOTEL,3.0,0.0,
95606,OTHER_ENTERTAINMENT,7.0,0.0,
95608,LIBRARY,1.0,0.0,
95616,COLLEGE_CAMPUS,89.0,0.0,
95616,MUNI_GOV,2.0,0.0,
95616,PARKING_GARAGE,1.0,0.0,
95616,PAY_LOT,2.0,0.0,
95618,CAR_DEALER,1.0,1.0,
95618,MUNI_GOV,2.0,0.0,
95618,PLACE_OF_WORSHIP,1.0,0.0,
95618,SHOPPING_CENTER,0.0,16.0,
95621,MUNI_GOV,2.0,0.0,
95624,PARKING_LOT,1.0,0.0,
95628,OFFICE_BLDG,2.0,0.0,
95628,PARKING_LOT,2.0,0.0,
95630,CAR_DEALER,4.0,1.0,
95630,PARKING_GARAGE,2.0,0.0,
95630,SHOPPING_CENTER,2.0,0.0,
95642,BREWERY_DISTILLERY_WINERY,4.0,0.0,
95642,RESTAURANT,0.0,8.0,
95646,HOTEL,8.0,0.0,
95648,SHOPPING_CENTER,0.0,8.0,
95650,SHOPPING_CENTER,0.0,8.0,
95651,PARK,3.0,0.0,
95661,CAR_DEALER,7.0,1.0,
95661,SHOPPING_CENTER,2.0,0.0,
95667,BREWERY_DISTILLERY_WINERY,2.0,0.0,
95667,B_AND_B,1.0,0.0,
95667,HOTEL,2.0,0.0,
95667,LIBRARY,4.0,0.0,
95667,MUNI_GOV,16.0,0.0,
95667,OTHER_ENTERTAINMENT,10.0,0.0,
95667,SHOPPING_CENTER,2.0,2.0,
95667,SHOPPING_MALL,0.0,8.0,
95669,BREWERY_DISTILLERY_WINERY,6.0,0.0,
95669,HOTEL,2.0,0.0,
95669,RESTAURANT,2.0,0.0,
95670,MUNI_GOV,4.0,0.0,
95672,SCHOOL,1.0,0.0,
95678,OFFICE_BLDG,2.0,0.0,
95678,PAY_GARAGE,4.0,0.0,
95678,SHOPPING_MALL,4.0,29.0,
95682,LIBRARY,2.0,0.0,
95682,MUNI_GOV,4.0,0.0,
95683,INN,1.0,0.0,
95684,BREWERY_DISTILLERY_WINERY,1.0,0.0,
95685,BREWERY_DISTILLERY_WINERY,3.0,0.0,
95685,TRAVEL_CENTER,2.0,0.0,
95687,CAR_DEALER,1.0,0.0,
95687,MUNI_GOV,1.0,0.0,
95687,OFFICE_BLDG,1.0,0.0,
95687,PARKING_LOT,7.0,1.0,
95688,MUNI_GOV,12.0,0.0,
95688,OFFICE_BLDG,1.0,0.0,
95688,PARKING_LOT,1.0,0.0,
95688,SHOPPING_CENTER,2.0,0.0,
95688,TRAVEL_CENTER,3.0,0.0,
95694,INN,3.0,0.0,
95694,MUNI_GOV,1.0,0.0,
95695,LIBRARY,1.0,0.0,
95695,PARKING_LOT,6.0,0.0,
95695,SCHOOL,14.0,0.0,
95713,CAR_DEALER,2.0,1.0,
95728,CONVENIENCE_STORE,1.0,0.0,
95728,HOTEL,2.0,0.0,
95746,CONVENIENCE_STORE,1.0,0.0,
95757,CAR_DEALER,4.0,1.0,
95758,HOTEL,5.0,0.0,
95758,MUNI_GOV,2.0,4.0,
95758,SHOPPING_CENTER,2.0,16.0,
95762,LIBRARY,4.0,0.0,
95762,MUNI_GOV,2.0,0.0,
95776,FLEET_GARAGE,2.0,0.0,
95776,MUNI_GOV,1.0,0.0,
95776,RESTAURANT,4.0,0.0,
95776,SCHOOL,2.0,0.0,
95776,SHOPPING_CENTER,0.0,8.0,
95811,PAY_GARAGE,75.0,0.0,
95811,STATE_GOV,2.0,0.0,
95814,HOSPITAL,4.0,0.0,
95814,HOTEL,12.0,0.0,
95814,OFFICE_BLDG,5.0,0.0,
95814,PAY_GARAGE,13.0,0.0,
95815,SHOPPING_MALL,6.0,19.0,
95816,COLLEGE_CAMPUS,3.0,0.0,
95817,HOSPITAL,15.0,0.0,
95817,UTILITY,34.0,1.0,
95819,COLLEGE_CAMPUS,23.0,0.0,
95821,CAR_DEALER,1.0,1.0,
95822,GROCERY,0.0,8.0,
95822,LIBRARY,2.0,0.0,
95826,MULTI_UNIT_DWELLING,4.0,0.0,
95828,SCHOOL,8.0,0.0,
95832,RESTAURANT,3.0,0.0,
95833,OFFICE_BLDG,2.0,0.0,
95834,SHOPPING_MALL,0.0,10.0,
95837,AIRPORT,6.0,1.0,
95838,SCHOOL,8.0,0.0,
95841,COLLEGE_CAMPUS,14.0,0.0,
95841,OTHER_ENTERTAINMENT,2.0,0.0,
95842,SCHOOL,3.0,0.0,
95843,LIBRARY,1.0,0.0,
95912,SCHOOL,2.0,0.0,
95926,CAR_DEALER,3.0,0.0,
95928,BREWERY_DISTILLERY_WINERY,2.0,0.0,
95928,COLLEGE_CAMPUS,7.0,1.0,
95928,HOTEL,2.0,0.0,
95928,PARKING_LOT,4.0,0.0,
95936,INN,1.0,0.0,
95945,HOTEL,2.0,0.0,
95949,STATE_GOV,2.0,0.0,
95966,OTHER_ENTERTAINMENT,3.0,0.0,
95966,SCHOOL,1.0,0.0,
95968,SCHOOL,1.0,0.0,
95971,SCHOOL,1.0,0.0,
95987,INN,2.0,0.0,
95987,RESTAURANT,0.0,8.0,
95993,SHOPPING_CENTER,0.0,10.0,
96002,CAR_DEALER,2.0,0.0,
96002,HOTEL,2.0,0.0,
96003,SCHOOL,5.0,0.0,
96025,HOTEL,2.0,0.0,
96052,INN,2.0,0.0,
96056,SCHOOL,1.0,0.0,
96063,NATL_PARK,2.0,0.0,
96067,HOSPITAL,4.0,0.0,
96067,HOTEL,0.0,4.0,
96067,INN,4.0,0.0,
96067,SHOPPING_CENTER,0.0,16.0,
96080,HOTEL,3.0,0.0,
96080,SHOPPING_CENTER,0.0,8.0,
96088,HOTEL,2.0,0.0,
96091,HOTEL,2.0,0.0,
96097,SHOPPING_MALL,0.0,12.0,
96101,GROCERY,0.0,8.0,
96101,HOTEL,2.0,0.0,
96103,HOTEL,4.0,0.0,
96115,HOTEL,2.0,0.0,
96120,HOTEL,2.0,0.0,
96130,HOTEL,2.0,0.0,
96145,OFFICE_BLDG,3.0,0.0,
96145,UTILITY,1.0,0.0,
96146,HOTEL,11.0,0.0,
96148,HOTEL,2.0,0.0,
96150,HOTEL,16.0,0.0,
96150,LIBRARY,2.0,0.0,
96150,MUNI_GOV,4.0,0.0,
96161,BREWERY_DISTILLERY_WINERY,2.0,0.0,
96161,HOTEL,12.0,0.0,
96161,MUNI_GOV,4.0,0.0,
90004,,,,201.0
90005,,,,122.0
90008,,,,370.0
90032,,,,30.0
90033,,,,97.0
91335,,,,34.0
91335,,,,267.0
94041,Transit Town Center,,,780.0
94110,Urban Neighborhood,,,79.0
94536,Transit Neighborhood,,,110.0
94553,Transit Neighborhood,,,32.0
94587,City Center,,,157.0
94587,Local Neighborhood,,,422.0
94597,Local Neighborhood,,,54.0
94597,Mixed-Use Corridor,,,116.0
94601,Urban Neighborhood,,,274.0
95116,Local Neighborhood,,,77.0
95125,City Center,,,239.0
95125,Local Neighborhood,,,119.0
95125,Transit Town Center,,,83.0
95130,Suburban Center,,,50.0
95132,Mixed-Use Corridor,,,220.0
95133,Transit Neighborhood,,,299.0
98001,OTHER_ENTERTAINMENT,2.0,0.0,
98001,SHOPPING_MALL,4.0,14.0,
98002,GROCERY,2.0,0.0,
98002,SHOPPING_CENTER,4.0,0.0,
98003,HOTEL,3.0,0.0,
98003,SHOPPING_CENTER,2.0,12.0,
98004,HOTEL,12.0,0.0,
98004,PAY_GARAGE,0.0,8.0,
98006,OTHER_ENTERTAINMENT,2.0,0.0,
98006,SHOPPING_MALL,2.0,0.0,
98007,CAR_DEALER,1.0,0.0,
98011,OFFICE_BLDG,2.0,0.0,
98011,SHOPPING_MALL,0.0,10.0,
98012,GROCERY,2.0,0.0,
98023,SHOPPING_CENTER,2.0,0.0,
98026,CAR_DEALER,2.0,0.0,
98027,HOTEL,3.0,0.0,
98027,SHOPPING_CENTER,2.0,0.0,
98028,GROCERY,2.0,0.0,
98029,GROCERY,0.0,8.0,
98029,OTHER_ENTERTAINMENT,2.0,0.0,
98031,GROCERY,2.0,0.0,
98033,CAR_DEALER,0.0,1.0,
98033,GROCERY,2.0,0.0,
98034,CAR_DEALER,1.0,3.0,
98036,SHOPPING_CENTER,4.0,0.0,
98037,HOTEL,1.0,0.0,
98037,SHOPPING_CENTER,2.0,0.0,
98037,SHOPPING_MALL,10.0,0.0,
98042,OTHER_ENTERTAINMENT,2.0,0.0,
98042,SHOPPING_CENTER,2.0,0.0,
98043,GROCERY,2.0,0.0,
98045,REST_STOP,0.0,8.0,
98052,HOTEL,3.0,0.0,
98052,OFFICE_BLDG,2.0,0.0,
98053,HOTEL,4.0,0.0,
98056,GROCERY,2.0,0.0,
98056,PAY_GARAGE,40.0,0.0,
98057,CAR_DEALER,1.0,0.0,
98057,GROCERY,2.0,0.0,
98057,MUNI_GOV,2.0,0.0,
98058,CAR_DEALER,1.0,1.0,
98059,GROCERY,2.0,0.0,
98065,OTHER_ENTERTAINMENT,16.0,0.0,
98068,REC_SPORTS_FACILITY,9.0,0.0,
98072,HOTEL,7.0,0.0,
98074,SHOPPING_MALL,2.0,0.0,
98075,SHOPPING_CENTER,2.0,0.0,
98087,GROCERY,2.0,0.0,
98101,HOTEL,15.0,0.0,25644.0
98101,OFFICE_BLDG,6.0,0.0,25644.0
98101,PARKING_GARAGE,0.0,4.0,25644.0
98101,PAY_GARAGE,10.0,0.0,25644.0
98102,SHOPPING_CENTER,2.0,0.0,1892.0
98104,HOTEL,3.0,0.0,20623.0
98104,LIBRARY,3.0,0.0,20623.0
98104,PARKING_GARAGE,2.0,0.0,20623.0
98105,COLLEGE_CAMPUS,13.0,0.0,2394.0
98105,HOTEL,2.0,0.0,2394.0
98105,SHOPPING_CENTER,4.0,0.0,2394.0
98107,GROCERY,2.0,0.0,1709.0
98107,PARKING_GARAGE,0.0,8.0,1709.0
98107,SHOPPING_CENTER,2.0,0.0,1709.0
98109,HOTEL,4.0,0.0,15505.0
98109,MULTI_UNIT_DWELLING,1.0,0.0,15505.0
98109,MUNI_GOV,9.0,0.0,15505.0
98109,OFFICE_BLDG,6.0,0.0,15505.0
98109,SHOPPING_CENTER,1.0,0.0,15505.0
98112,B_AND_B,1.0,0.0,2097.0
98115,GROCERY,4.0,0.0,839.0
98118,SHOPPING_CENTER,2.0,0.0,330.0
98119,GROCERY,2.0,0.0,2873.0
98121,HOTEL,3.0,0.0,10419.0
98125,SHOPPING_MALL,0.0,16.0,
98133,OTHER_ENTERTAINMENT,2.0,0.0,36.0
98148,CAR_DEALER,2.0,1.0,
98155,GROCERY,2.0,0.0,
98166,SHOPPING_CENTER,2.0,0.0,
98168,SHOPPING_CENTER,2.0,0.0,
98188,GROCERY,2.0,0.0,
98188,HOTEL,2.0,0.0,
98188,SHOPPING_MALL,4.0,0.0,
98195,COLLEGE_CAMPUS,7.0,0.0,
98198,GROCERY,2.0,0.0,
98198,HOTEL,6.0,0.0,
98201,PARKING_LOT,8.0,0.0,
98204,CAR_DEALER,2.0,1.0,
98208,GROCERY,2.0,0.0,
98221,PARKING_GARAGE,1.0,0.0,
98223,MUNI_GOV,1.0,0.0,
98223,OTHER_ENTERTAINMENT,3.0,16.0,
98225,HOTEL,3.0,0.0,
98225,SHOPPING_CENTER,1.0,0.0,
98226,AIRPORT,4.0,0.0,
98226,HOTEL,4.0,0.0,
98226,SHOPPING_MALL,10.0,0.0,
98229,CAR_DEALER,2.0,1.0,
98230,HOTEL,2.0,0.0,
98233,HOTEL,3.0,0.0,
98237,PARKING_LOT,2.0,0.0,
98245,HOTEL,2.0,0.0,
98245,PARKING_LOT,1.0,0.0,
98249,REC_SPORTS_FACILITY,2.0,0.0,
98250,AIRPORT,2.0,0.0,
98250,HOTEL,1.0,0.0,
98250,INN,3.0,0.0,
98250,OFFICE_BLDG,2.0,0.0,
98250,PARK,1.0,0.0,
98250,PARKING_LOT,2.0,0.0,
98260,INN,4.0,0.0,
98261,LIBRARY,1.0,0.0,
98261,PARKING_LOT,1.0,0.0,
98264,OFFICE_BLDG,1.0,0.0,
98272,MUNI_GOV,2.0,0.0,
98273,COLLEGE_CAMPUS,4.0,0.0,
98273,RESTAURANT,1.0,0.0,
98275,SHOPPING_CENTER,2.0,0.0,
98279,HOTEL,1.0,0.0,
98280,PARKING_LOT,1.0,1.0,
98283,SHOPPING_CENTER,1.0,0.0,
98296,GROCERY,2.0,0.0,
98296,MUNI_GOV,3.0,0.0,
98304,HOTEL,2.0,0.0,
98312,CAR_DEALER,2.0,0.0,
98331,HOTEL,2.0,0.0,
98331,INN,0.0,8.0,
98335,HOTEL,2.0,0.0,
98335,OTHER_ENTERTAINMENT,3.0,0.0,
98335,STATE_GOV,2.0,0.0,
98337,PARKING_GARAGE,4.0,0.0,
98346,SHOPPING_CENTER,2.0,0.0,
98356,STREET_PARKING,1.0,0.0,
98357,HOTEL,4.0,0.0,
98362,B_AND_B,1.0,0.0,
98362,CAR_DEALER,2.0,1.0,
98362,INN,2.0,0.0,
98362,STREET_PARKING,2.0,0.0,
98363,BREWERY_DISTILLERY_WINERY,2.0,0.0,
98363,NATL_PARK,2.0,0.0,
98368,OFFICE_BLDG,6.0,0.0,
98371,CAR_DEALER,1.0,1.0,
98371,HOTEL,2.0,0.0,
98372,OFFICE_BLDG,2.0,0.0,
98382,COOP,1.0,0.0,
98382,HOTEL,2.0,0.0,
98382,INN,2.0,0.0,
98382,OFFICE_BLDG,1.0,0.0,
98383,SHOPPING_MALL,4.0,0.0,
98402,MUNI_GOV,1.0,0.0,
98409,CAR_DEALER,1.0,0.0,
98409,MUNI_GOV,1.0,0.0,
98421,HOTEL,3.0,0.0,
98444,HOTEL,2.0,0.0,
98501,INN,2.0,0.0,
98501,STATE_GOV,6.0,0.0,
98502,CAR_DEALER,1.0,0.0,
98502,HOTEL,3.0,0.0,
98502,SHOPPING_MALL,6.0,0.0,
98503,MUNI_GOV,4.0,0.0,
98503,SHOPPING_CENTER,0.0,12.0,
98505,COLLEGE_CAMPUS,4.0,0.0,
98512,TRUCK_STOP,0.0,8.0,
98562,HOTEL,4.0,0.0,
98564,HOTEL,3.0,0.0,
98575,HOTEL,2.0,0.0,
98579,SHOPPING_CENTER,2.0,0.0,
98592,HOTEL,3.0,0.0,
98595,BREWERY_DISTILLERY_WINERY,3.0,0.0,
98605,HOTEL,2.0,0.0,
98610,HOTEL,2.0,0.0,
98612,HOTEL,1.0,0.0,
98616,GAS_STATION,1.0,0.0,
98626,RESTAURANT,0.0,12.0,
98642,HOTEL,5.0,0.0,
98642,PARKING_LOT,1.0,0.0,
98642,SHOPPING_MALL,2.0,0.0,
98644,HOTEL,2.0,0.0,
98648,HOTEL,8.0,0.0,
98661,CAR_DEALER,2.0,0.0,
98662,CAR_DEALER,1.0,0.0,
98662,HOTEL,6.0,0.0,
98662,SHOPPING_CENTER,2.0,0.0,
98662,SHOPPING_MALL,4.0,8.0,
98684,SHOPPING_CENTER,4.0,0.0,
98686,GAS_STATION,2.0,0.0,
98686,SHOPPING_CENTER,2.0,0.0,
98801,BREWERY_DISTILLERY_WINERY,1.0,0.0,
98801,CAR_DEALER,1.0,1.0,
98801,CONVENTION_CENTER,2.0,0.0,
98801,GROCERY,1.0,0.0,
98801,HOSPITAL,18.0,0.0,
98801,OFFICE_BLDG,1.0,0.0,
98801,PARK,3.0,0.0,
98801,UTILITY,2.0,0.0,
98802,CAR_DEALER,1.0,1.0,
98813,MUNI_GOV,1.0,0.0,
98816,BREWERY_DISTILLERY_WINERY,2.0,0.0,
98816,HOTEL,1.0,0.0,
98816,MUNI_GOV,2.0,0.0,
98822,CONVENIENCE_STORE,0.0,8.0,
98823,HOSPITAL,2.0,0.0,
98826,FED_GOV,1.0,0.0,
98826,GROCERY,0.0,16.0,
98826,HOTEL,8.0,0.0,
98826,INN,1.0,0.0,
98826,PARKING_LOT,1.0,0.0,
98826,RESTAURANT,1.0,0.0,
98831,BREWERY_DISTILLERY_WINERY,3.0,0.0,
98831,HOTEL,1.0,0.0,
98833,HOTEL,1.0,0.0,
98837,HOTEL,1.0,0.0,
98837,SHOPPING_CENTER,0.0,12.0,
98837,UTILITY,1.0,2.0,
98841,INN,1.0,0.0,
98844,HOTEL,5.0,0.0,
98846,HOTEL,1.0,0.0,
98848,BREWERY_DISTILLERY_WINERY,3.0,0.0,
98851,MUNI_GOV,1.0,0.0,
98855,MUNI_GOV,1.0,0.0,
98856,OFFICE_BLDG,1.0,0.0,
98858,RESTAURANT,1.0,0.0,
98862,HOTEL,4.0,0.0,
98862,RV_PARK,1.0,0.0,
98901,CAR_DEALER,3.0,1.0,
98901,HOTEL,4.0,8.0,
98901,OFFICE_BLDG,2.0,0.0,
98922,HOTEL,3.0,0.0,
98922,OFFICE_BLDG,0.0,12.0,
98926,HOTEL,1.0,0.0,
99001,BANK,2.0,0.0,
99021,GAS_STATION,2.0,0.0,
99022,AUTO_REPAIR,2.0,0.0,
99115,RESTAURANT,1.0,0.0,
99122,MUSEUM,1.0,0.0,
99163,HOTEL,3.0,0.0,
99166,UTILITY,1.0,0.0,
99201,HOSPITAL,2.0,0.0,
99201,HOTEL,9.0,0.0,
99201,RESTAURANT,1.0,0.0,
99202,COLLEGE_CAMPUS,2.0,0.0,
99202,MULTI_UNIT_DWELLING,2.0,0.0,
99202,OFFICE_BLDG,2.0,0.0,
99203,BANK,2.0,0.0,
99205,BANK,1.0,0.0,
99205,OFFICE_BLDG,1.0,0.0,
99205,PARKING_LOT,12.0,0.0,
99212,CAR_DEALER,2.0,1.0,
99216,HOTEL,3.0,0.0,
99216,MULTI_UNIT_DWELLING,2.0,0.0,
99218,CAR_DEALER,1.0,0.0,
99224,HOTEL,6.0,0.0,
99224,MULTI_UNIT_DWELLING,2.0,0.0,
99224,SHOPPING_CENTER,0.0,8.0,
99252,OFFICE_BLDG,3.0,0.0,
99301,CAR_DEALER,1.0,0.0,
99301,HOTEL,3.0,0.0,
99320,BREWERY_DISTILLERY_WINERY,3.0,0.0,
99328,HOTEL,3.0,0.0,
99336,CAR_DEALER,2.0,0.0,
99338,BREWERY_DISTILLERY_WINERY,3.0,0.0,
99338,HOTEL,3.0,0.0,
99350,CONVENIENCE_STORE,1.0,2.0,
99352,HOTEL,7.0,0.0,
99352,MUNI_GOV,1.0,2.0,
99362,BREWERY_DISTILLERY_WINERY,7.0,0.0,
99362,CAR_DEALER,1.0,0.0,
99362,HOSPITAL,2.0,0.0,
99362,HOTEL,3.0,0.0,
99362,INN,1.0,0.0,
98015,,,,15.0
98103,,,,2394.0
98108,,,,145.0
98116,,,,491.0
98117,,,,32.0
98122,,,,4626.0
98124,,,,25.0
98134,,,,2918.0
98144,,,,455.0
98164,,,,243.0
98199,,,,78.0
nan,,,,3521.0
